Workbook
Name Slicer_City: #N/A

Sheet Sheet3
A3: Row Labels | B3: Sum of Actual Price | E3: Sum of Quantity | F3: Column Labels
A4: Chennai | B4: 66000 | E4: Row Labels | F4: Amit Sharma | G4: Neha Gupta | H4: Priya Singh | I4: Rahul Verma | J4: Rohit Jain | K4: Grand Total
A5: Delhi | B5: 61000 | E5: P001 | F5: 2 | G5: 1 | H5: 2 | I5: 1 | K5: 6
A6: Jaipur | B6: 40000 | E6: P002 | F6: 4 | G6: 3 | H6: 5 | J6: 2 | K6: 14
A7: Mumbai | B7: 61500 | E7: P003 | I7: 3 | J7: 6 | K7: 9
A8: Pune | B8: 62800 | E8: Grand Total | F8: 6 | G8: 4 | H8: 7 | I8: 4 | J8: 8 | K8: 29
A9: Grand Total | B9: 291300

Sheet Sheet1
A1: Order ID | B1: Salesperson | C1: City | D1: ProductID | E1: Product Name | F1: Category | G1: Quantity | H1: Actual Price | I1: Discount% | K1: Product Name With index | M1: Order by Amit
A2: ORD-001 | B2: Amit Sharma | C2: Delhi | D2: P001 | E2: Laptop | F2: =IFERROR(VLOOKUP(D2,Sheet2!$A$2:$D$11,3,TRUE), "Not Found") -> Electronics | G2: 2 | H2: 43000 | I2: 5 | K2: =IFERROR(INDEX(Sheet2!$B$2:$B$11, MATCH(D2, Sheet2!$A$2:$A$11,0 )),"Not Found") -> Laptop | M2: =COUNTIF(B2:B11,"Amit Sharma") -> 2
A3: ORD-002 | B3: Priya Singh | C3: Mumbai | D3: P002 | E3: Smartphone | F3: =IFERROR(VLOOKUP(D3,Sheet2!$A$2:$D$11,3,TRUE), "Not Found") -> Electronics | G3: 5 | H3: 17500 | I3: 3 | K3: =IFERROR(INDEX(Sheet2!$B$2:$B$11, MATCH(D3, Sheet2!$A$2:$A$11,0 )),"Not Found") -> Smartphone
A4: ORD-003 | B4: Rahul Verma | C4: Chennai | D4: P003 | E4: Printer | F4: =IFERROR(VLOOKUP(D4,Sheet2!$A$2:$D$11,3,TRUE), "Not Found") -> Office Equipment | G4: 3 | H4: 21000 | I4: 5 | K4: =IFERROR(INDEX(Sheet2!$B$2:$B$11, MATCH(D4, Sheet2!$A$2:$A$11,0 )),"Not Found") -> Printer
A5: ORD-004 | B5: Neha Gupta | C5: Pune | D5: P001 | E5: Laptop | F5: =IFERROR(VLOOKUP(D5,Sheet2!$A$2:$D$11,3,TRUE), "Not Found") -> Electronics | G5: 1 | H5: 45000 | I5: 0 | K5: =IFERROR(INDEX(Sheet2!$B$2:$B$11, MATCH(D5, Sheet2!$A$2:$A$11,0 )),"Not Found") -> Laptop | M5: Order have more than 3 Quantity
A6: ORD-005 | B6: Amit Sharma | C6: Delhi | D6: P002 | E6: Smartphone | F6: =IFERROR(VLOOKUP(D6,Sheet2!$A$2:$D$11,3,TRUE), "Not Found") -> Electronics | G6: 4 | H6: 18000 | I6: 0 | K6: =IFERROR(INDEX(Sheet2!$B$2:$B$11, MATCH(D6, Sheet2!$A$2:$A$11,0 )),"Not Found") -> Smartphone | M6: =COUNTIF(G2:G11, ">3") -> 3
A7: ORD-006 | B7: Priya Singh | C7: Mumbai | D7: P001 | E7: Laptop | F7: =IFERROR(VLOOKUP(D7,Sheet2!$A$2:$D$11,3,TRUE), "Not Found") -> Electronics | G7: 2 | H7: 44000 | I7: 2 | K7: =IFERROR(INDEX(Sheet2!$B$2:$B$11, MATCH(D7, Sheet2!$A$2:$A$11,0 )),"Not Found") -> Laptop
A8: ORD-007 | B8: Rohit Jain | C8: Jaipur | D8: P003 | E8: Printer | F8: =IFERROR(VLOOKUP(D8,Sheet2!$A$2:$D$11,3,TRUE), "Not Found") -> Office Equipment | G8: 6 | H8: 22000 | I8: 0 | K8: =IFERROR(INDEX(Sheet2!$B$2:$B$11, MATCH(D8, Sheet2!$A$2:$A$11,0 )),"Not Found") -> Printer | M8: Total Actual price in Dehli
A9: ORD-008 | B9: Neha Gupta | C9: Pune | D9: P002 | E9: Smartphone | F9: =IFERROR(VLOOKUP(D9,Sheet2!$A$2:$D$11,3,TRUE), "Not Found") -> Electronics | G9: 3 | H9: 17800 | I9: 2 | K9: =IFERROR(INDEX(Sheet2!$B$2:$B$11, MATCH(D9, Sheet2!$A$2:$A$11,0 )),"Not Found") -> Smartphone | M9: =SUMIF(C2:C11, "Delhi",H2:H11) -> 61000
A10: ORD-009 | B10: Rahul Verma | C10: Chennai | D10: P001 | E10: Laptop | F10: =IFERROR(VLOOKUP(D10,Sheet2!$A$2:$D$11,3,TRUE), "Not Found") -> Electronics | G10: 1 | H10: 45000 | I10: 0 | K10: =IFERROR(INDEX(Sheet2!$B$2:$B$11, MATCH(D10, Sheet2!$A$2:$A$11,0 )),"Not Found") -> Laptop
A11: ORD-010 | B11: Rohit Jain | C11: Jaipur | D11: P002 | E11: Smartphone | F11: =IFERROR(VLOOKUP(D11,Sheet2!$A$2:$D$11,3,TRUE), "Not Found") -> Electronics | G11: 2 | H11: 18000 | I11: 5 | K11: =IFERROR(INDEX(Sheet2!$B$2:$B$11, MATCH(D11, Sheet2!$A$2:$A$11,0 )),"Not Found") -> Smartphone | M11: Total Quantity
M12: =SUMIF(D2:D11, "P001", G2:G11) -> 6
M14: Count orders where City = 'Mumbai' AND Quantity > 2
M15: =COUNTIFS(C2:C11,"Mumbai",G2:G11,">2") -> 1

Sheet Sheet2
A1: ProductID | B1: ProductName | C1: Category | D1: StandardPrice
A2: P001 | B2: Laptop | C2: Electronics | D2: 45000
A3: P002 | B3: Smartphone | C3: Electronics | D3: 18000
A4: P003 | B4: Printer | C4: Office Equipment | D4: 22000
A5: P004 | B5: Tablet | C5: Electronics | D5: 25000
A6: P005 | B6: Monitor | C6: Electronics | D6: 15000
A7: P006 | B7: Keyboard | C7: Accessories | D7: 1200
A8: P007 | B8: Mouse | C8: Accessories | D8: 800
A9: P008 | B9: Headphones | C9: Accessories | D9: 2500
A10: P009 | B10: Webcam | C10: Accessories | D10: 3000
A11: P010 | B11: Router | C11: Networking | D11: 3500
